Date ,Open,High,Low,Last,Close,Volume,Value
10-May-2022,229.95,234.5,220.65,221.4,222.15,30274946,"6,891,364,247.35"
09-May-2022,235,236.5,223.05,229.95,230,60959066,"13,971,123,200.15"
06-May-2022,243,247,240.65,246.95,245.2,28044381,"6,830,458,434.65"
05-May-2022,248.95,251.3,244.95,247.3,247.5,24304759,"6,036,269,744.90"
04-May-2022,249.85,254.2,242.85,246,244.95,30780217,"7,675,753,086.30"
02-May-2022,240,249.65,238.4,248.55,248.5,26535475,"6,485,594,962.20"
29-Apr-2022,250.9,253.2,240.85,242.35,242.35,26234765,"6,487,693,620.45"
28-Apr-2022,250.9,250.9,244.4,249.45,248.25,20911099,"5,165,250,249.45"
27-Apr-2022,247.8,255.25,245.5,247.65,247.35,32027943,"7,997,604,563.90"
26-Apr-2022,251.15,251.45,248.05,248.9,248.85,17965504,"4,484,827,956.55"
25-Apr-2022,248,251.55,244.7,248.2,247.35,24620801,"6,099,440,403.75"
22-Apr-2022,258,259,252.3,253.5,253.1,30569068,"7,817,486,817.60"
21-Apr-2022,253,260.2,250.7,258.8,258.85,40617734,"10,404,445,973.60"
20-Apr-2022,250,254.7,246.55,250.45,249.65,41573598,"10,430,649,850.50"
19-Apr-2022,260.5,262,242.5,244.2,246.45,53483065,"13,499,545,024.20"
18-Apr-2022,267.9,267.9,252,258,257.9,89819229,"23,299,679,925.50"
13-Apr-2022,278.6,280.3,272.3,273.05,273.1,31460232,"8,670,799,426.25"
12-Apr-2022,283.35,283.35,271.6,275.65,275.15,44771140,"12,370,508,255.15"
11-Apr-2022,281,288.45,280.35,283.25,282.9,47972951,"13,660,633,197.95"
08-Apr-2022,280.9,282.8,273.05,278.6,278.1,64353330,"17,915,706,161.30"
07-Apr-2022,292.35,298.05,276,278.3,277.8,151174247,"43,399,605,191.55"
06-Apr-2022,275.95,296.5,273.1,288.85,289.8,227551020,"65,441,396,611.40"
05-Apr-2022,253.85,275.25,252.1,273.95,273.6,94568156,"25,159,945,585.65"
04-Apr-2022,247.15,253.55,246.1,251.9,251.95,39380622,"9,864,584,841.10"
01-Apr-2022,237.65,246.35,237.1,245.8,245.45,25666798,"6,253,079,767.20"
31-Mar-2022,242.9,242.9,237.65,238.4,238.65,13956014,"3,343,022,788.60"
30-Mar-2022,240.95,244.9,237.75,241.1,241.7,22893839,"5,521,913,064.75"
29-Mar-2022,243.6,244.9,238.5,238.8,239.1,20061075,"4,843,640,946.20"
28-Mar-2022,242.55,244,237.45,239.5,239.6,14835527,"3,562,820,880.05"
25-Mar-2022,240,244.3,239.2,241.5,241.35,24286187,"5,868,649,881.10"
24-Mar-2022,234,241,232.95,239.65,239.5,31525902,"7,524,473,355.05"
23-Mar-2022,232.35,237.45,231.65,234.15,234.3,29507641,"6,940,485,735.65"
22-Mar-2022,229.1,231.9,226.3,231.8,231.4,14893566,"3,412,695,062.95"
21-Mar-2022,232.95,233.4,227.35,228.2,227.95,12356508,"2,852,691,603.20"
17-Mar-2022,233.6,233.95,231.3,232,231.75,16453329,"3,821,285,895.65"
16-Mar-2022,230,231.7,229.05,230.3,230.45,12428032,"2,861,989,308.35"
15-Mar-2022,231.95,233.3,225.3,227,227.4,16150855,"3,708,595,406.10"
14-Mar-2022,233.1,234.65,230.55,231.8,231.55,12074559,"2,801,696,628.40"
11-Mar-2022,231.9,234.25,230.3,233.55,233.15,18163055,"4,231,345,390.75"
10-Mar-2022,235,235.85,229.9,231.95,232.25,25462569,"5,940,352,326.00"
09-Mar-2022,229.1,231.2,226.3,229.5,229.25,25437632,"5,814,956,383.50"
08-Mar-2022,215,227.8,214.6,226.85,226.95,41105290,"9,238,763,817.25"
07-Mar-2022,217,219.7,212.25,216.8,216.2,23498823,"5,062,584,517.50"
04-Mar-2022,225,226.45,220.8,221.5,221.45,22427429,"5,010,959,376.45"
03-Mar-2022,229,230.55,225.9,226.75,226.6,22429798,"5,109,775,880.70"
02-Mar-2022,220,227.25,218.4,225.8,225.4,28297089,"6,367,739,184.90"
28-Feb-2022,217.5,224.35,214.1,223,223.05,35508015,"7,806,321,451.50"
25-Feb-2022,210,221.3,209.55,220.5,220,52157687,"11,373,743,532.85"
24-Feb-2022,213,216.15,203.25,205.15,204.3,60097152,"12,552,870,132.90"
23-Feb-2022,226,226.8,220.35,221.6,221.2,23583042,"5,274,386,039.90"
22-Feb-2022,218,224.85,217.3,223.2,222.65,29360421,"6,506,952,723.70"
21-Feb-2022,224,227.65,222.25,224.8,225,24657963,"5,550,346,535.65"
18-Feb-2022,227,230,224.65,226.05,225.75,18717812,"4,259,906,681.10"
17-Feb-2022,233.35,233.85,227,228.15,227.75,23381354,"5,389,661,246.65"
16-Feb-2022,233.4,236.9,230.1,230.5,231.35,35144286,"8,230,319,741.80"
15-Feb-2022,222.75,231.75,218.8,231.45,230.4,36314556,"8,163,268,287.90"
14-Feb-2022,226,226.85,216,220.5,220.5,38301829,"8,557,890,032.65"
11-Feb-2022,240,242.05,230.2,231.5,232.3,36050888,"8,540,565,868.45"
10-Feb-2022,238.5,244.5,234.1,241.1,241.3,55153254,"13,281,289,212.80"
09-Feb-2022,236.7,238.9,232.6,238.4,238,35604075,"8,420,858,112.30"
08-Feb-2022,252.5,253.6,232.6,233.3,234.85,82053977,"19,543,567,706.30"
07-Feb-2022,255.5,256.7,250.55,251.6,251.8,32770930,"8,320,159,726.95"
04-Feb-2022,253.8,257.9,253,254.95,254.35,39309420,"10,044,757,681.80"
03-Feb-2022,250.55,254.4,249.3,251.8,252.85,27724870,"6,978,766,526.50"
02-Feb-2022,251.9,255,249.25,250.55,250.6,25162901,"6,332,529,412.40"
01-Feb-2022,249.5,256.4,244.8,249.8,249.85,74185275,"18,618,897,296.30"
31-Jan-2022,247.95,249.55,245.3,246.15,246.05,24939671,"6,166,618,443.70"
28-Jan-2022,244.7,250,242.85,244.35,244.05,34523855,"8,511,918,464.85"
27-Jan-2022,235.5,242.35,232.5,241.95,241.05,35920383,"8,508,807,032.50"
25-Jan-2022,226.25,240.85,223,238.6,238.8,39449718,"9,242,652,277.05"
24-Jan-2022,242.5,243.85,226.6,227.95,229.55,43279408,"10,086,080,875.60"
21-Jan-2022,245.8,250.8,238.55,242.7,241.95,35507032,"8,725,145,939.85"
20-Jan-2022,250,252.15,245.15,248.6,248.65,35990609,"8,948,550,010.55"
19-Jan-2022,239,249.7,236.05,249.4,248.5,36751594,"8,916,072,524.00"
18-Jan-2022,250,250.6,237.8,239.3,239.1,30408196,"7,453,166,617.30"
17-Jan-2022,245.9,249.25,245,248,247.85,25339181,"6,272,064,079.00"
14-Jan-2022,243.7,248.5,242.5,243.7,244.4,36940487,"9,088,842,329.15"
13-Jan-2022,239,246.7,236.5,245.05,245.3,50250827,"12,164,754,063.65"
12-Jan-2022,234.9,239.65,234.5,237.5,237.75,32665403,"7,747,842,654.30"
11-Jan-2022,233,236.7,231.8,233.25,233.1,25489182,"5,965,700,866.35"
10-Jan-2022,230.95,233.45,230.4,231.55,231.75,22061859,"5,116,090,380.70"
07-Jan-2022,230.3,232.85,227.1,229.45,229.8,34595209,"7,959,670,980.85"
06-Jan-2022,221.45,229.8,219.5,229.05,228.45,27537005,"6,205,270,035.45"
05-Jan-2022,226.4,226.55,223,223.3,223.5,17271276,"3,870,609,185.50"
04-Jan-2022,224.3,228.25,221,226.6,226.3,32469988,"7,302,682,997.90"
03-Jan-2022,221.2,223.9,216,223.75,223.4,19062825,"4,231,969,505.50"
31-Dec-2021,218.9,222,218.35,220.95,220.95,12737974,"2,811,577,795.15"
30-Dec-2021,218.7,221,217.05,218.65,218.35,14315067,"3,135,266,284.80"
29-Dec-2021,221,223.25,218.85,219.4,219.45,14504319,"3,205,245,691.25"
28-Dec-2021,218.7,222.2,218.5,221.55,221.6,19058757,"4,206,786,517.00"
27-Dec-2021,216.6,217.75,213.8,217.35,217.35,15870056,"3,428,614,444.25"
24-Dec-2021,219.05,219.45,214.15,216.6,216.8,18770416,"4,055,496,353.85"
23-Dec-2021,220,221.25,217.45,218.15,218.05,16940883,"3,712,507,285.35"
22-Dec-2021,214.5,218.7,213.3,218.6,218,21655596,"4,670,168,035.45"
21-Dec-2021,213,216.25,209.85,212.2,211.9,33006180,"7,045,605,591.15"
20-Dec-2021,210.5,211.95,202.8,208.5,209.1,47944121,"9,958,190,749.20"
17-Dec-2021,222.7,222.7,214,215.8,215.8,38813929,"8,409,622,433.60"
16-Dec-2021,229.8,230.05,219.15,222.5,221.9,40645402,"9,052,210,144.10"
15-Dec-2021,229,232.4,227.05,227.65,227.85,20127541,"4,625,269,773.80"
14-Dec-2021,230,230,225.5,229.1,229.05,24698002,"5,628,755,943.55"
13-Dec-2021,230.1,236.5,229,230.5,230.25,40382575,"9,406,276,061.95"
10-Dec-2021,226.4,229.9,225.4,227.65,228,26363105,"6,002,176,355.45"
09-Dec-2021,229.9,230.9,226.8,227.9,227.7,23516676,"5,365,936,532.85"
08-Dec-2021,228,230.8,227,229.65,229.4,30348053,"6,942,260,817.35"
07-Dec-2021,224,227.75,222.75,226.8,226.45,36287629,"8,156,603,526.25"
06-Dec-2021,225.6,226.6,220.1,221,220.85,34399066,"7,688,488,925.20"
03-Dec-2021,226.8,228.3,224.35,225.4,225.6,48145736,"10,888,747,895.85"
02-Dec-2021,230.45,230.45,221.2,226,226.4,78572738,"17,688,413,653.10"
01-Dec-2021,220,227.3,215,227.25,225.2,67127202,"14,804,056,652.90"
30-Nov-2021,221.95,228.25,213.1,216.3,216.8,222571262,"48,709,413,245.40"
29-Nov-2021,226,226.75,213.25,218.9,218.65,83187881,"18,364,626,731.70"
26-Nov-2021,238,240.3,225.75,227,227.35,80108784,"18,549,162,326.85"
25-Nov-2021,239.45,244.4,234,244,242.8,51777691,"12,386,959,757.80"
24-Nov-2021,240,246.7,237.3,238.3,238.55,67847218,"16,484,491,646.45"
23-Nov-2021,223.95,238,222.2,237.4,236.95,61158286,"14,275,292,452.40"
22-Nov-2021,238.4,238.4,224,227.7,227.65,62459802,"14,314,942,977.50"
18-Nov-2021,250.4,252.05,232.45,237,237.1,82052417,"19,688,472,506.55"
17-Nov-2021,244.5,252.5,243,249.8,249.9,58883464,"14,699,362,966.65"
16-Nov-2021,242.15,247.65,241.5,243.95,244.5,47776299,"11,720,494,915.95"
15-Nov-2021,241.85,244,239.3,241.35,241.65,32578602,"7,873,265,284.25"
12-Nov-2021,242,242.4,236,239.9,239.85,42038250,"10,039,312,000.25"
11-Nov-2021,237.5,241.3,235.55,239.9,239.75,50433666,"12,035,791,914.65"
10-Nov-2021,241.4,241.4,236.3,237.5,237,47845906,"11,401,558,017.05"
09-Nov-2021,235,247.95,234.65,242.2,241.9,103894620,"25,283,572,469.00"
08-Nov-2021,233,235.65,228.75,234.8,234.55,53880144,"12,561,267,443.50"
04-Nov-2021,231.8,233.15,230.6,231.2,231.35,14860447,"3,442,921,170.55"
03-Nov-2021,230,230.9,226.2,229.85,228.8,49974804,"11,416,268,991.95"
02-Nov-2021,228,235,227.25,228.6,228.5,91597155,"21,123,963,543.50"
01-Nov-2021,219.95,225.2,214.4,224.2,222.95,59687720,"13,092,953,585.95"
29-Oct-2021,210.5,217.7,201.4,216.15,214.3,115032835,"24,332,217,724.65"
28-Oct-2021,224.8,224.8,216.6,217.95,218,64733467,"14,241,431,958.60"
27-Oct-2021,231.5,232.7,222.7,223.45,224.25,78577000,"17,871,938,681.95"
26-Oct-2021,215.05,232.3,214.25,226,225.3,113036438,"25,503,311,429.05"
25-Oct-2021,224.6,224.9,208,213.45,213.6,92057542,"19,746,737,838.55"
22-Oct-2021,228.5,233.8,216,222.75,222,85764004,"19,199,287,410.00"
21-Oct-2021,234,234.4,220.55,226,226.15,82393222,"18,777,110,527.50"
20-Oct-2021,225,236.3,217.5,231.05,230.35,219286012,"50,067,863,908.05"
19-Oct-2021,266,267.85,221.5,225.75,229.75,245771135,"60,105,873,082.20"
18-Oct-2021,227.5,264.85,223.1,260,257.3,273591610,"69,018,631,058.85"
14-Oct-2021,235,237,220.7,222.45,222.6,126938132,"28,612,529,423.75"
13-Oct-2021,201.65,232.4,200,225.8,224.2,305037222,"66,629,422,758.95"
12-Oct-2021,194.9,198.7,189.8,195.95,195.8,104950239,"20,422,812,984.10"
11-Oct-2021,177.85,193.7,177,191.7,191.5,126307288,"23,811,817,317.30"
08-Oct-2021,180.15,180.2,175,177.5,176.85,43365657,"7,686,155,793.85"
07-Oct-2021,178.35,184,176.85,178.35,177.75,73313810,"13,208,873,225.80"
06-Oct-2021,182.85,182.85,172.8,175.8,175.95,101232618,"17,923,138,607.65"
05-Oct-2021,169,184.75,168.35,179.65,179.4,161189379,"28,839,451,294.25"
04-Oct-2021,166.25,172.5,164,168.5,168.6,93787605,"15,811,802,282.20"
01-Oct-2021,158.75,164.95,156.6,163.5,163.75,90310679,"14,546,562,222.75"
30-Sep-2021,152.5,161.2,151.3,158.5,158.75,111302311,"17,435,922,484.50"
29-Sep-2021,139.8,158.75,138.9,151.45,151.6,126746990,"19,047,053,081.15"
28-Sep-2021,140,142.85,139.05,139.85,140.05,29196888,"4,110,574,454.85"
27-Sep-2021,140.3,140.4,136.75,139.2,138.75,18192368,"2,516,829,078.35"
24-Sep-2021,145,145.35,138.7,139.2,139.1,29040576,"4,091,362,336.20"
23-Sep-2021,139.2,144.9,138.75,144.05,143.65,42890085,"6,127,203,405.15"
22-Sep-2021,136.95,139.65,136.4,138.15,137.85,21321952,"2,942,213,534.35"
21-Sep-2021,134.75,136.3,131.2,136,135.85,22526116,"3,017,625,258.60"
20-Sep-2021,137.6,139.35,133.2,133.85,134.3,21535092,"2,947,446,414.10"
17-Sep-2021,140.85,141.5,136.1,137.55,137.9,27560843,"3,819,689,986.95"
16-Sep-2021,140,142,138.5,140.1,140.25,24490647,"3,427,993,142.40"
15-Sep-2021,133.1,142.3,132.8,139.9,140.05,68917060,"9,630,505,053.70"
14-Sep-2021,131.5,133.3,131.3,133.15,133,13305823,"1,761,891,243.85"
13-Sep-2021,132.75,132.75,130.4,131.2,131.05,13771980,"1,806,194,785.50"
09-Sep-2021,133.2,134.3,131.75,132.5,132.75,14453584,"1,919,949,010.80"
08-Sep-2021,130.6,133.5,129.5,133.3,133.25,16351745,"2,158,101,446.85"
07-Sep-2021,132.4,132.55,129.25,129.9,130.05,14561241,"1,905,766,034.25"
06-Sep-2021,134.4,134.6,132,132.1,132.2,14304796,"1,904,386,207.75"
03-Sep-2021,134.05,135.45,133.25,133.75,133.85,19000628,"2,549,137,136.15"
02-Sep-2021,133.85,134.8,132.6,133.6,133.6,25276744,"3,380,393,976.25"
01-Sep-2021,129.7,134.25,128.7,133.3,133.4,31166001,"4,115,983,042.00"
31-Aug-2021,130.3,130.7,128.25,129,129.05,24301446,"3,140,248,855.10"
30-Aug-2021,128.4,130.1,128,129.05,129.15,17545528,"2,263,442,141.75"
27-Aug-2021,125.65,127.6,125.2,127.35,127.25,12708091,"1,610,599,089.00"
26-Aug-2021,126.45,126.6,124.55,125.75,125.65,16968193,"2,129,099,127.30"
25-Aug-2021,126.4,127.5,125.5,126.3,126.05,18144345,"2,295,983,976.40"
24-Aug-2021,125,126.6,123.65,126.15,125.9,22809811,"2,851,814,674.65"
23-Aug-2021,127.1,127.85,121.7,124.95,124.95,30434681,"3,804,948,323.40"
20-Aug-2021,129,130.2,125.25,125.35,126.2,27402061,"3,510,601,735.50"
18-Aug-2021,131.7,131.8,130.1,130.4,130.45,18082061,"2,365,295,914.25"
17-Aug-2021,132.1,132.95,128.5,130.85,131.1,21755033,"2,844,775,617.60"
16-Aug-2021,132.55,134.05,131.65,132.2,132.1,17472608,"2,317,844,341.85"
13-Aug-2021,134.35,134.5,132,132.5,132.55,23715152,"3,163,043,513.85"
12-Aug-2021,130.25,134.2,129.85,133.65,133.65,31898731,"4,218,871,845.00"
11-Aug-2021,130.3,131.65,126.5,129.75,129.6,32222624,"4,146,110,675.10"
10-Aug-2021,132.45,133.75,127.05,130,130.05,31526384,"4,132,561,712.55"
09-Aug-2021,137,137,130.3,132.15,132.05,66874756,"8,864,938,268.75"
06-Aug-2021,135.25,136.8,134.3,135.3,135.15,47743493,"6,480,777,181.05"
05-Aug-2021,132.15,135.4,129.6,134.75,134.55,39952286,"5,298,253,085.05"
04-Aug-2021,133,134.65,130.1,131.9,131.65,33758053,"4,467,536,416.40"
03-Aug-2021,134.4,135.5,132.2,132.5,132.6,50457587,"6,740,238,990.45"
02-Aug-2021,126.55,134,125.55,133.35,133.45,102355625,"13,393,296,329.45"
30-Jul-2021,122.6,126.65,122.3,125.15,125,30163350,"3,772,188,967.55"
29-Jul-2021,120.75,124,120.7,123,122.75,16366211,"1,999,828,577.60"
28-Jul-2021,121.45,121.85,118.4,120.55,120.35,19451371,"2,336,835,241.45"
27-Jul-2021,122.8,123.75,120.2,121.45,121.15,16292819,"1,988,355,150.80"
26-Jul-2021,123,123.75,122.1,122.8,122.6,14838935,"1,824,393,455.80"
23-Jul-2021,124.9,125.45,122.6,123,122.9,18344408,"2,273,988,797.75"
22-Jul-2021,123.4,124.2,122.4,124.1,123.7,20890960,"2,572,784,670.55"
20-Jul-2021,125.65,126.35,121.2,121.95,121.8,48822351,"6,003,641,073.45"
19-Jul-2021,126.25,128.45,124.6,125.65,125.8,65614163,"8,322,674,149.85"
16-Jul-2021,125.4,125.4,123.65,124.25,124.15,13479996,"1,674,657,183.45"
15-Jul-2021,124.85,126.5,124.15,124.45,124.45,22522585,"2,818,000,220.25"
14-Jul-2021,125,126,124.1,124.5,124.55,23276074,"2,906,352,579.75"
13-Jul-2021,124.2,125.25,122.95,124.1,124.05,19316578,"2,398,003,474.80"
12-Jul-2021,126,126.3,123.45,123.6,123.8,26731429,"3,328,793,672.35"
09-Jul-2021,123,124.8,121.7,124.5,124.45,24078290,"2,981,098,045.10"
08-Jul-2021,124.1,126.85,122.4,123.1,123.4,33870196,"4,217,924,569.90"
07-Jul-2021,123,124.5,122.15,124.1,123.85,19773453,"2,438,802,234.85"
06-Jul-2021,126,126.5,122.05,123.25,123,31062811,"3,878,251,494.40"
05-Jul-2021,121.95,126.9,121.75,125.85,125.9,61606669,"7,721,408,985.30"
02-Jul-2021,122,122.6,120.6,121.2,120.95,22789936,"2,770,147,808.40"
01-Jul-2021,122.8,122.8,121,121.6,121.35,18570986,"2,258,156,218.95"
30-Jun-2021,123.4,123.9,121.7,122.1,122.1,30099781,"3,697,087,215.00"
29-Jun-2021,122.95,124.75,121.75,123.05,122.8,30981874,"3,818,210,166.35"
28-Jun-2021,122,123.5,120.8,122.8,122.55,27616278,"3,378,756,202.60"
25-Jun-2021,119.9,122.6,119.55,121.2,121.1,25945027,"3,148,117,932.95"
24-Jun-2021,120.75,121.45,118.2,119.6,118.85,28009357,"3,349,958,519.75"
23-Jun-2021,122.5,123.2,120.55,120.8,120.75,29338636,"3,578,368,014.50"
22-Jun-2021,124.2,125.1,120.9,121.5,121.45,44246677,"5,448,677,995.25"
21-Jun-2021,118.2,124,117.95,123.2,123.3,44593802,"5,416,685,618.25"
18-Jun-2021,124.35,124.7,116.95,121.95,121.45,73972898,"8,935,185,540.95"
17-Jun-2021,123.95,126.9,122.3,123.35,123.95,73801920,"9,200,207,445.00"
16-Jun-2021,122,127.9,120.15,125.7,125.95,84445896,"10,480,942,855.40"
15-Jun-2021,125,125.6,121.7,122,122.15,45450324,"5,600,277,845.90"
14-Jun-2021,126.25,126.25,116.6,123.5,123.4,86326236,"10,498,272,989.25"
11-Jun-2021,128.75,128.75,124.25,125.6,125.7,62530141,"7,894,974,066.85"
10-Jun-2021,128,130.4,125.1,127.55,127.6,140351463,"17,912,088,245.25"
09-Jun-2021,120.75,132.7,119,125,124.65,360661838,"45,385,749,898.50"
08-Jun-2021,114.4,119.2,114,117.45,117.05,93023993,"10,896,332,680.65"
07-Jun-2021,109,115,108.3,113.75,113.35,95358858,"10,788,862,795.00"
04-Jun-2021,109.1,109.1,107,108,108.15,19048139,"2,056,931,892.10"
03-Jun-2021,110,110.5,107.9,108.5,108.65,38360946,"4,181,510,475.50"
02-Jun-2021,104.5,108.4,104.35,107.9,108.1,31238619,"3,344,204,137.75"
01-Jun-2021,106.4,106.4,103.7,104.9,104.65,25038000,"2,623,618,021.10"
31-May-2021,105.3,106.95,103.8,106.5,106.45,29739476,"3,150,001,108.85"
28-May-2021,107.2,107.5,105.1,105.6,105.35,19973552,"2,114,827,567.05"
27-May-2021,106.1,107,104.9,106.7,106.35,21200089,"2,246,937,407.40"
26-May-2021,108,108.3,105.8,106,106.1,26772472,"2,862,027,519.95"
25-May-2021,108.3,109.35,106.65,107.7,107.45,35294915,"3,814,576,761.35"
24-May-2021,105.6,107.95,104.5,107.2,107.3,41530007,"4,429,020,023.95"
21-May-2021,103.85,106,103.3,105,104.9,27004076,"2,835,890,539.35"
20-May-2021,105.2,105.45,102.45,103.05,102.95,19494462,"2,018,341,654.15"
19-May-2021,105.05,107,103.9,104.3,104.25,31394002,"3,309,998,044.05"
18-May-2021,105,107.35,104.65,105.45,105.35,40666745,"4,303,058,902.70"
17-May-2021,102.5,104.3,101.65,103.8,103.45,40412520,"4,156,042,982.40"
14-May-2021,106.35,108,101,101.8,101.5,66640242,"6,850,875,820.40"
12-May-2021,110.35,110.55,105.15,107.6,106.6,61946163,"6,649,842,943.80"
11-May-2021,109,111.15,107.1,109.1,109.35,64737614,"7,089,579,180.60"
10-May-2021,103.75,110.5,103.2,110.4,109.95,70028129,"7,506,732,523.40"
07-May-2021,103.85,103.95,102.25,102.55,102.7,28791094,"2,961,004,639.40"
06-May-2021,102.55,104.65,101.6,102.85,102.9,35150275,"3,618,541,682.35"
05-May-2021,102.4,102.95,100.25,101.9,102,25421812,"2,582,883,925.70"
04-May-2021,100.6,103.4,100,101.55,101.05,55562146,"5,658,757,658.70"
03-May-2021,97.95,100.4,96.35,100,99.85,37404501,"3,688,711,393.00"
30-Apr-2021,96.95,101.4,96.25,98.8,98.85,40125740,"3,994,077,192.50"
29-Apr-2021,98.9,100.2,97.45,97.8,97.65,39809692,"3,923,296,166.35"
28-Apr-2021,98.6,99.15,97.65,97.7,97.95,32345591,"3,180,707,773.75"
27-Apr-2021,96.95,98.45,96.4,98.1,98,26892254,"2,624,083,329.65"
26-Apr-2021,95.7,97.15,95.5,96.4,96.3,24546834,"2,361,849,211.40"
23-Apr-2021,94.2,96.9,93.55,95.55,95.65,40943046,"3,916,324,220.85"
22-Apr-2021,94,95,92.4,94.4,94.25,34186730,"3,216,110,549.35"
20-Apr-2021,96,96,92.4,93.45,93.6,35631799,"3,363,413,309.65"
19-Apr-2021,92.4,94.95,91.8,93.7,93.8,43657515,"4,090,065,647.00"
16-Apr-2021,95,97.95,94.05,96.75,97.15,49515934,"4,776,712,157.25"
15-Apr-2021,94.7,96.7,93.3,94.1,94.15,38846301,"3,669,250,586.00"
13-Apr-2021,92.3,96.3,91.55,95.75,95.85,76861733,"7,260,203,644.45"
12-Apr-2021,101,101,89.9,92.7,92.2,125893617,"11,876,776,655.75"
09-Apr-2021,105.35,106.2,103,104.1,104.1,35350727,"3,695,101,147.90"
08-Apr-2021,105,106.75,104.7,105.2,104.95,36910799,"3,896,748,522.65"
07-Apr-2021,104.35,105.65,103.5,104.4,104.45,36218955,"3,796,011,459.40"
06-Apr-2021,103.8,107.35,102.45,104.8,104.7,56713336,"5,961,188,281.30"
05-Apr-2021,105,105.5,100.45,103.5,103.35,48340372,"4,972,757,524.35"
01-Apr-2021,103.9,105.5,103.55,105,105.05,34637782,"3,622,291,117.90"
31-Mar-2021,103.65,105.85,102.85,103,103.25,35702981,"3,724,236,673.00"
30-Mar-2021,105.35,105.35,102.8,103.65,103.6,47453372,"4,934,778,701.55"
26-Mar-2021,100.95,104.35,100,103.75,103.45,78988471,"8,087,313,766.55"
25-Mar-2021,101.8,102.2,96.6,98.95,98.65,78179436,"7,739,518,805.80"
24-Mar-2021,103,105.6,100.85,101.4,101.25,49603176,"5,131,094,204.05"
23-Mar-2021,104.95,105.95,104,104.5,104.55,41887531,"4,399,256,751.10"
22-Mar-2021,104.9,106.5,103.8,104.7,104.75,74913152,"7,882,728,562.30"
19-Mar-2021,100,104.75,96.3,104.2,104.15,118996777,"12,005,902,619.80"
18-Mar-2021,104.6,106.6,96,100.85,100.55,102669579,"10,480,062,152.90"
17-Mar-2021,109.2,110.5,102.4,102.85,103.3,64241698,"6,838,147,042.90"
16-Mar-2021,112,112.3,109.1,109.55,109.7,50275101,"5,551,268,031.00"
15-Mar-2021,114,114.15,108,111.35,111.55,101456890,"11,231,459,954.40"
12-Mar-2021,108.4,114.5,107,113,113.25,162828658,"18,295,301,621.00"
10-Mar-2021,109.1,109.25,105.8,107.5,107.35,43852673,"4,700,041,557.60"
09-Mar-2021,110,110.65,104.7,107.35,107,51804429,"5,569,123,013.20"
08-Mar-2021,108.9,111.85,108.2,108.95,109.05,57273663,"6,288,856,176.40"
05-Mar-2021,110.7,110.7,104,107.6,107.35,75015270,"8,063,375,885.50"
04-Mar-2021,103.8,114,102.75,109.25,109.3,147425687,"16,142,551,269.00"
03-Mar-2021,104.6,105.5,102.5,105.25,105.25,85272517,"8,879,541,286.15"
02-Mar-2021,100,100.8,98,100.55,100.35,67108317,"6,677,483,792.65"
01-Mar-2021,96.6,99.5,95.55,98.2,97.9,62133610,"6,062,827,896.70"
26-Feb-2021,94.8,96.4,93,94.5,95.15,50696555,"4,802,609,797.25"
25-Feb-2021,94.9,97.65,94.35,96.1,96,70938332,"6,814,737,626.40"
24-Feb-2021,92.85,94.5,92.05,94.2,94.05,27561130,"2,578,639,779.75"
23-Feb-2021,90.7,93.4,89.8,91.75,92.05,43925417,"4,023,626,984.95"
22-Feb-2021,90.95,92.5,89,89.5,90.1,38203233,"3,465,341,876.00"
19-Feb-2021,93.4,94.85,89.35,91.3,91.1,69544392,"6,432,232,816.40"
18-Feb-2021,91.75,94.05,90.2,93.3,93.1,48616071,"4,477,527,271.05"
17-Feb-2021,90.9,92.45,89.8,91,91.1,66947755,"6,094,256,702.80"
16-Feb-2021,87.4,91,86.6,90.85,90.25,45833754,"4,069,644,760.25"
15-Feb-2021,88,88.9,86.35,86.6,86.7,28371641,"2,480,795,422.15"
12-Feb-2021,88,88.5,86,87.3,87.3,18854969,"1,646,221,808.30"
11-Feb-2021,88.7,89.15,87.5,87.75,87.8,18482937,"1,628,058,487.65"
10-Feb-2021,88.05,89.95,86.35,88.35,88.1,57056934,"5,020,688,234.65"
09-Feb-2021,90.15,90.45,86.45,87.5,87.15,37086127,"3,268,753,992.05"
08-Feb-2021,88,91.65,87.5,90,90,70145365,"6,317,921,330.45"
05-Feb-2021,91.45,91.65,85,87.45,87.45,98504307,"8,652,383,220.25"
04-Feb-2021,84.95,90.5,84.45,90,89.6,94513383,"8,356,051,305.40"
03-Feb-2021,84.15,85.5,82.25,84.45,84.2,41816643,"3,519,694,798.70"
02-Feb-2021,81.5,84.1,79.65,83.7,83.6,47955673,"3,930,003,639.95"
01-Feb-2021,76.4,81.2,74.5,81,79.9,45909331,"3,535,925,528.25"
29-Jan-2021,78.55,78.6,75,75.5,75.4,28386915,"2,176,103,890.75"
28-Jan-2021,75,77.9,74.45,77.4,77.1,40097316,"3,061,221,920.60"
27-Jan-2021,79.65,79.8,75.65,76,75.95,47062543,"3,635,463,411.70"
25-Jan-2021,84,84,78,79.3,79.25,55671719,"4,449,372,014.05"
22-Jan-2021,82.9,83.1,77.95,79.5,79.4,42934185,"3,430,731,742.20"
21-Jan-2021,85.5,85.7,82.2,83.6,83,16889392,"1,421,310,168.25"
20-Jan-2021,85.6,86.45,84.15,84.55,84.8,19476831,"1,657,209,954.45"
19-Jan-2021,82.75,85.7,82.6,85.6,85.4,25469132,"2,147,116,543.65"
18-Jan-2021,85.85,85.85,81,81.55,82.1,31480725,"2,605,409,801.90"
15-Jan-2021,86.4,88,84.35,85.6,85.55,35416980,"3,062,222,368.85"
14-Jan-2021,86.1,87.15,84.9,86,85.95,20620191,"1,772,656,362.40"
13-Jan-2021,86.9,87.65,83.75,85.7,85.85,37272052,"3,206,588,691.20"
12-Jan-2021,83,87.3,82.65,86.1,86.05,43670529,"3,750,830,708.05"
11-Jan-2021,83.6,83.95,82.15,83.35,83.3,25575169,"2,126,623,637.75"
08-Jan-2021,84.35,84.6,82.6,82.85,83.05,41178215,"3,433,941,438.10"
07-Jan-2021,83.15,83.65,81.5,82.05,81.85,35219703,"2,900,558,008.80"
06-Jan-2021,82,83.5,80.75,82.35,82.45,46157617,"3,802,126,471.00"
05-Jan-2021,78,82.2,77.9,80.95,81.15,46181972,"3,719,485,510.80"
04-Jan-2021,78.05,79.65,77.5,79.4,79.25,23712305,"1,868,416,907.50"
01-Jan-2021,76,77.75,75.8,77.45,77.35,19041567,"1,462,482,110.10"
31-Dec-2020,75.85,76.5,75.4,75.6,75.65,15495713,"1,174,589,452.40"
30-Dec-2020,76.95,76.95,75.2,75.95,75.8,17918812,"1,358,497,724.15"
29-Dec-2020,78,78.8,76.25,76.55,76.55,28745694,"2,223,979,423.15"
28-Dec-2020,75.25,77.95,75.1,77.7,77.2,35601036,"2,736,094,126.00"
24-Dec-2020,74.6,75.6,74.25,74.35,74.5,23223241,"1,740,586,012.75"
23-Dec-2020,72,74.45,71.5,74.25,74.15,30689573,"2,243,691,551.55"
22-Dec-2020,69,71.9,66.7,71.65,71.65,46224467,"3,221,454,476.55"
21-Dec-2020,75.85,75.85,66.4,68.55,69.05,51731072,"3,702,271,261.45"
18-Dec-2020,75,76.45,73.65,75.55,76.05,49891456,"3,763,717,202.50"
17-Dec-2020,76.25,76.7,74.65,74.7,75.2,28073186,"2,132,708,364.55"
16-Dec-2020,75.5,76.45,74.65,76.05,76.15,36595158,"2,771,144,483.05"
15-Dec-2020,73.4,75.5,72.5,75.15,75.15,38943070,"2,878,796,470.15"
14-Dec-2020,73.45,74.1,72.8,73.6,73.45,20767955,"1,523,769,493.25"
11-Dec-2020,72.75,74.1,72.15,72.7,72.8,36847385,"2,695,646,408.35"
10-Dec-2020,73,73.45,71,72.75,72.65,29242808,"2,113,929,651.25"
09-Dec-2020,72.6,75,71.9,73.45,73.15,58476323,"4,299,269,006.60"
08-Dec-2020,73,73.1,70.25,71.85,72,43645664,"3,128,061,612.80"
07-Dec-2020,72.45,73.35,71.15,71.7,71.65,39355314,"2,843,417,410.20"
04-Dec-2020,71.7,73.6,69.35,71.5,71.65,97738908,"7,021,313,439.30"
03-Dec-2020,68.5,69.7,67.6,69.7,69.25,37361699,"2,559,883,345.55"
02-Dec-2020,69.5,69.65,66.7,67.9,67.95,46261091,"3,150,935,040.90"
01-Dec-2020,65.6,69.45,65,69.05,68.85,70704403,"4,783,756,928.25"
27-Nov-2020,63,65.25,62.45,64.4,64.9,56608140,"3,610,371,230.45"
26-Nov-2020,62.2,62.7,61.2,62.35,62.35,30119954,"1,866,781,042.05"
25-Nov-2020,60.45,63.9,60.2,61.5,61.5,75949155,"4,727,400,068.45"
24-Nov-2020,59.35,60.15,58.35,60,59.95,25057495,"1,486,371,560.45"
23-Nov-2020,58.85,59.75,57.8,59.1,58.85,24196085,"1,418,666,964.60"
20-Nov-2020,59.55,59.9,56.7,58.1,58.1,23428511,"1,364,211,943.80"
19-Nov-2020,60.25,61.45,58.75,58.95,59.15,28987133,"1,742,308,593.55"
18-Nov-2020,57.85,61.25,57.7,60.45,60.6,54298315,"3,256,651,940.15"
17-Nov-2020,56.5,58.2,55.9,57.85,57.65,26801425,"1,530,409,996.20"
14-Nov-2020,56,56.2,55.55,55.8,55.95,2578865,"144,177,496.00"
13-Nov-2020,55,55.75,54.6,55.55,55.25,15417488,"849,914,119.00"
12-Nov-2020,57.4,57.4,55.2,55.55,55.6,19585504,"1,100,391,387.80"
11-Nov-2020,57.45,58.5,56.7,57.15,57.25,40249499,"2,316,418,750.20"
10-Nov-2020,55.5,57.1,55,56.95,56.7,23878927,"1,344,380,849.70"
09-Nov-2020,55.45,55.6,53.9,55.15,54.95,22041528,"1,210,212,909.00"
06-Nov-2020,55.35,56.75,54.5,54.7,54.7,21662709,"1,201,292,478.90"
05-Nov-2020,53.5,55.85,53.5,55.35,55.35,22517409,"1,227,680,006.55"
04-Nov-2020,53.25,53.95,52.3,53.15,53.3,13555398,"720,320,032.70"
03-Nov-2020,52.7,53.85,52.65,53.55,53.6,11671919,"623,795,358.05"
02-Nov-2020,52.4,52.9,52,52.55,52.65,9575485,"501,610,719.65"
30-Oct-2020,52.45,52.85,51.65,52.2,52.15,12994341,"678,828,667.65"
29-Oct-2020,52.6,53.1,51.65,52.25,52.1,15351610,"804,093,392.20"
28-Oct-2020,53.8,54.1,52.9,53.1,53.1,13646853,"728,143,003.20"
27-Oct-2020,54.5,54.5,53,53.8,53.75,13240998,"709,778,038.05"
26-Oct-2020,55.65,55.7,52.95,54,53.9,20120600,"1,094,336,293.30"
23-Oct-2020,55.1,55.7,54.7,55.05,55.25,13365977,"738,269,378.30"
22-Oct-2020,53.9,55.6,53.45,55.4,55.1,15185287,"823,421,848.70"
21-Oct-2020,54.85,55.35,53.2,53.9,53.95,17054867,"926,459,630.40"
20-Oct-2020,55,56.15,54.55,54.7,54.75,17720582,"980,048,084.10"
19-Oct-2020,54.35,55.55,53.9,55.5,55.2,18875642,"1,033,607,347.50"
16-Oct-2020,53.55,54.6,52.3,54.3,54.15,24637365,"1,324,171,840.45"
15-Oct-2020,53.1,54.75,52.7,53.1,52.9,23963776,"1,289,647,637.40"
14-Oct-2020,53.9,54,52.25,52.75,52.95,15451785,"817,677,657.75"
13-Oct-2020,52.8,55.1,52.55,53.95,54.05,18622520,"1,005,550,972.40"
12-Oct-2020,54.45,55.05,52.6,52.8,52.85,12879707,"689,507,528.85"
09-Oct-2020,55,55.5,54.15,54.4,54.45,10432265,"571,359,375.25"
08-Oct-2020,56.05,56.5,53.75,55.2,55,16737370,"920,655,917.25"
07-Oct-2020,54.7,56.9,54.35,56,56.15,25064887,"1,404,448,193.60"
06-Oct-2020,54.1,54.75,53.8,54.6,54.6,10850472,"589,342,832.75"
05-Oct-2020,54.5,55.15,53.6,53.7,53.85,13583076,"737,187,754.95"
01-Oct-2020,53.5,54.65,53.5,54.25,54.45,13913795,"753,000,514.25"
30-Sep-2020,53.8,54,53,53.1,53.3,10804820,"577,994,686.30"
29-Sep-2020,54.5,54.65,53.25,53.8,53.95,18384412,"992,253,596.30"
28-Sep-2020,53.6,54.6,53.35,54,54.15,16190640,"875,012,407.65"
25-Sep-2020,51.05,53.4,50.7,52.9,53.1,24166175,"1,256,248,798.10"
24-Sep-2020,52.6,52.95,50.1,50.45,50.45,21626315,"1,110,917,812.05"
23-Sep-2020,52.25,54.2,51.35,53.9,53.45,24481354,"1,278,962,795.95"
22-Sep-2020,53,53.55,50.4,51.6,51.45,34523774,"1,788,428,503.10"
21-Sep-2020,56.05,56.2,52.5,52.85,53,27254314,"1,477,329,201.35"
18-Sep-2020,57.05,57.35,55.75,56,56.2,15697139,"887,482,068.10"
17-Sep-2020,57.35,58.15,56.35,56.95,56.75,27360433,"1,561,059,640.40"
16-Sep-2020,58.05,58.3,56.55,56.85,56.8,18217195,"1,044,296,586.60"
15-Sep-2020,57.45,58.75,57.1,57.8,57.75,18732445,"1,083,094,026.55"
14-Sep-2020,56.9,58.4,56.45,57.05,57.1,22921766,"1,315,955,548.75"
11-Sep-2020,55,57.15,54.8,56.65,56.7,22160895,"1,239,390,383.90"
10-Sep-2020,56.45,57.2,54.7,55.55,55.45,30551390,"1,709,009,091.55"
09-Sep-2020,54.05,56.15,52.5,56,55.65,36318229,"1,963,205,960.60"
08-Sep-2020,57.7,58.2,54.65,54.8,55.2,24214285,"1,364,122,903.50"
07-Sep-2020,58.95,59.4,56.1,57.5,57.4,26138663,"1,496,550,099.45"
04-Sep-2020,60,60.25,58.2,58.9,58.9,20140042,"1,196,571,691.75"
03-Sep-2020,60.95,61.6,59.9,60.55,60.7,23071949,"1,399,610,024.85"
02-Sep-2020,59.65,61.35,58.85,60.8,60.95,25824346,"1,550,398,507.50"
01-Sep-2020,59.6,60.45,58.2,59.4,59.5,43683296,"2,589,471,609.05"
31-Aug-2020,61.4,61.75,57.9,59,58.75,36840665,"2,189,380,098.80"
28-Aug-2020,62.1,62.25,60.3,61.2,61.2,21775730,"1,333,457,378.95"
27-Aug-2020,63.1,63.25,61.35,61.65,61.6,28622828,"1,777,274,280.65"
26-Aug-2020,60.3,63.25,60,62.95,62.65,73744794,"4,542,745,672.05"
25-Aug-2020,61,61.7,59.05,60.3,60,45588317,"2,753,510,486.45"
24-Aug-2020,62.35,62.7,60.15,61,60.9,36278775,"2,225,844,230.10"
21-Aug-2020,62.5,63.4,61.7,62,61.95,64263209,"4,007,692,808.90"
20-Aug-2020,56.15,62.3,56,61.25,61.4,117119754,"7,124,819,821.10"
19-Aug-2020,56,58.25,55.8,56.9,56.7,48760696,"2,791,400,466.20"
18-Aug-2020,56.2,56.4,55,55.75,55.65,24508248,"1,365,967,561.75"
17-Aug-2020,55.5,56.35,54.85,56.2,56.05,22575130,"1,258,015,032.10"
14-Aug-2020,56.45,57.2,54.5,54.9,54.95,39662265,"2,217,408,309.55"
13-Aug-2020,55,57.9,52.55,55.95,56.1,112756517,"6,296,811,879.55"
12-Aug-2020,51.9,53.6,51.2,53.3,52.95,26298223,"1,382,715,971.70"
11-Aug-2020,51.95,52.6,51.1,51.95,51.9,20281306,"1,051,529,642.75"
10-Aug-2020,49.8,51.9,49.8,51.6,51.45,27048832,"1,382,723,199.90"
07-Aug-2020,49.35,50.6,49.1,49.8,49.7,20080105,"1,002,330,672.60"
06-Aug-2020,49,50.1,48.5,49.45,49.4,22695057,"1,113,801,179.40"
05-Aug-2020,49.95,49.95,48.65,49,48.95,14901694,"732,513,094.00"
04-Aug-2020,49.2,50.45,49.1,49.65,49.7,25280807,"1,261,491,944.65"
03-Aug-2020,48.8,49.5,48.35,48.85,48.75,10560743,"516,994,706.70"
31-Jul-2020,48.05,49,47.5,48.8,48.7,19705075,"949,349,624.80"
30-Jul-2020,49.75,50.25,47.6,48.3,48,23602346,"1,150,503,390.25"
29-Jul-2020,49.25,50.35,49.2,49.75,49.75,18449635,"919,631,741.70"
28-Jul-2020,49.65,50.4,48.55,49,49.15,19972798,"990,621,548.95"
27-Jul-2020,48.8,50.4,47.7,49.45,49.5,26232321,"1,294,493,063.10"
24-Jul-2020,49.95,50.4,48.65,48.85,48.9,15734708,"775,570,487.30"
23-Jul-2020,50,50.35,49.55,50.15,50,18215827,"909,002,853.35"
22-Jul-2020,48.65,51.45,48.55,49.9,50.05,30638770,"1,538,871,160.75"
21-Jul-2020,49.5,49.5,48.55,48.8,48.85,11941141,"584,315,978.05"
20-Jul-2020,50,50,48.75,49,49.05,16779115,"827,246,936.10"
17-Jul-2020,47.2,49.6,47.2,49.45,49.3,31130318,"1,512,975,979.55"
16-Jul-2020,47,47.7,45.95,46.6,46.7,17980352,"839,694,434.85"
15-Jul-2020,48.5,49,46.8,47.25,47.15,18653252,"894,871,063.15"
14-Jul-2020,49.1,49.1,46.9,47.95,48.15,29076742,"1,393,343,933.15"
13-Jul-2020,50.9,51.1,49.15,50.25,49.65,23184293,"1,161,897,016.00"
10-Jul-2020,50.6,52.45,49.7,50.25,50.3,53816347,"2,737,408,470.05"
09-Jul-2020,52.45,53.2,52.1,52.55,52.5,26307686,"1,383,609,484.30"
08-Jul-2020,50.85,52.7,50.7,52.05,52.2,41927852,"2,177,310,935.30"
07-Jul-2020,50.35,51.2,50,50.8,50.85,25556074,"1,296,034,829.40"
06-Jul-2020,50.65,50.9,49.9,50.1,50.35,33196343,"1,672,534,426.65"
03-Jul-2020,50.45,51.2,49.35,49.75,49.9,62702080,"3,156,703,432.10"
02-Jul-2020,46.65,50.7,45.75,49.6,49.8,112208004,"5,443,448,709.40"
01-Jul-2020,45,46.7,44.05,46.5,46.1,28894350,"1,306,818,814.40"
30-Jun-2020,45.7,45.85,44.1,44.95,44.85,26717577,"1,201,829,654.15"
29-Jun-2020,46.45,47.25,44.45,44.7,44.85,29330081,"1,345,041,240.80"
26-Jun-2020,44.45,47.4,44.3,46.45,46.35,46056290,"2,129,147,078.95"
25-Jun-2020,43.15,44.6,43.1,44.15,44,35940234,"1,580,957,059.45"
24-Jun-2020,44.4,44.65,42.7,43,43.25,40592891,"1,781,164,602.00"
23-Jun-2020,43.7,44.95,42.9,43.95,44.45,36866233,"1,624,222,251.25"
22-Jun-2020,43.7,43.9,43,43.7,43.65,21166732,"921,944,413.70"
19-Jun-2020,43.45,43.95,42.8,43.05,43.2,28219725,"1,226,580,589.05"
18-Jun-2020,41.1,43.35,41.1,43.05,42.95,29310786,"1,246,385,073.25"
17-Jun-2020,40.9,42.2,40.15,41.1,41.25,30297033,"1,249,274,044.10"
16-Jun-2020,43.45,43.45,40.2,41.05,41.05,33915142,"1,416,609,177.15"
15-Jun-2020,41.7,43,41.55,42.5,42.4,32174680,"1,365,148,572.80"
12-Jun-2020,38,42.15,37.8,41.75,41.7,43585696,"1,783,817,999.90"
11-Jun-2020,42.8,42.8,41,41.4,41.2,23571592,"988,835,209.05"
10-Jun-2020,42.75,43.55,42.5,42.85,42.8,19799689,"850,124,234.45"
09-Jun-2020,43,43.7,42.2,42.6,42.75,34471526,"1,484,298,907.95"
08-Jun-2020,44.9,44.9,42.3,43.05,42.65,42629869,"1,856,236,230.80"
05-Jun-2020,43.95,44.35,42.8,43.95,43.9,55225627,"2,409,884,630.95"
04-Jun-2020,41.1,43.2,40.3,42.55,42.5,81868961,"3,412,022,776.35"
03-Jun-2020,43.35,43.75,41.1,42.15,41.7,70318245,"3,012,437,141.35"
02-Jun-2020,41.45,42.95,40.6,42.6,42.55,75509875,"3,137,344,855.20"
01-Jun-2020,37.6,40.05,37.2,39.95,39.45,64630599,"2,493,753,517.90"
29-May-2020,36.2,37.15,35.6,36.75,36.55,149707993,"5,460,682,081.90"
28-May-2020,35.95,37.5,35.9,36.8,36.9,45715750,"1,691,326,599.55"
27-May-2020,36,36.45,35.35,35.8,35.75,41541631,"1,493,290,478.65"
26-May-2020,33.75,36,33.6,35.9,35.75,51053714,"1,795,640,900.60"
22-May-2020,32.5,34.1,31.9,34,33.75,40499126,"1,336,664,481.60"
21-May-2020,33.65,33.9,32.55,32.75,32.85,35029406,"1,169,327,574.80"
20-May-2020,34.15,34.6,32.8,33.65,33.25,91642346,"3,091,057,589.25"
19-May-2020,31.5,32.85,30.6,32.45,32.45,37941203,"1,203,006,891.30"
18-May-2020,31.95,32.1,30.25,31.25,31.3,33654822,"1,048,283,456.50"
15-May-2020,31,31.8,29.75,31.4,31.4,36970466,"1,139,621,565.55"
14-May-2020,31,33.2,30.5,31.2,30.9,69089728,"2,206,467,812.80"
13-May-2020,30,31,28.85,30.3,30.3,53614387,"1,619,422,178.15"
12-May-2020,27.25,28.6,27,28.55,28.4,27227530,"763,712,977.55"
11-May-2020,29,29,27.15,27.25,27.3,36503825,"1,020,739,190.85"